meta:instanceID,Incorrect_ID,Correct_ID
uuid:498ac9f4-7019-4b8e-b416-ea4aca6eff7b,XXX,JJX
uuid:cd8c78a4-a410-41b1-8b5f-194f1b4d8311,XXX,MMX
uuid:ab84d2ee-1eb2-44fe-837d-7bfdb1618bac,XXX,DDX
uuid:331546bf-9ae9-46f6-8cc2-f632c9d557c0,XXX,JCX
uuid:80bb93c5-7395-4f86-ab17-7fbb62fa39ed,XXX,XSA
uuid:71e54359-afdf-451d-a707-8b8d98710a63,XXX,SAA
uuid:06ab3e97-e993-44bc-9cd3-c7ab41830658,XXX,LJX
uuid:4a2cbef0-6876-47e4-84d3-17a6b9cb35b1,XXX,ASS
uuid:9cb4f068-3b07-47a0-b513-9cd22f7119d1,XXX,EEX
uuid:59e92427-07ec-47a6-b1e4-ac924b7be1ca,XXX,MAI
uuid:f768a85f-1328-406d-9e22-84ef52a16771,XXX,ZZE
uuid:b47c2249-9b88-41a4-9a27-2cf0aa5d4368,XXX,SDS
uuid:1c72f2d9-b8a1-4e24-874b-a5f7cbbcb544,XXX,FYX
uuid:253b296f-9159-453c-abf1-cbe90f4a4e0a,XXX,NAM
uuid:05697bd1-4daf-4878-875c-a5723519650d,XXX,PZS
uuid:1bb4c2ae-9a52-46e5-a04d-241aa25e45fe,XXX,MIL
uuid:9a4eb0cc-caf8-4c5b-b89d-040e8ae92ac0,XXX,XNZ
uuid:d0b85360-29f9-414c-9a84-1c07b6e7b71e,XXX,DNX
uuid:0000a8c7-bf03-4b0d-b5f6-6dd7306527ab,XXX,DDD
uuid:0aa63802-3ed4-4b34-b783-2a1d589d1e4e,XXX,BAJ
uuid:1ca9d18e-41a4-4e30-8a32-38d6780ba07e,XXX,CFE
uuid:877ab379-f1da-4fd1-90d9-b54193ef9ce3,XXX,MOO
uuid:2e19b6c3-199a-4de9-afd5-49d80143a474,XXX,VDA
uuid:27d1400d-c141-43df-8ee8-8ccfb1b284cc,XXX,VDB
uuid:b2cc4199-d6f0-4ed0-886b-fd087d3d1e38,XXX,DEU
uuid:961f8734-677d-46a1-bd6d-34dc03b2c61f,XXX,NHB
uuid:d456f8a2-98bf-4d49-8a7f-3036db0a1fed,XXX,SEA
uuid:9b30b2e3-8874-4f7b-a5df-cb90e327cc60,XXX,AEX
uuid:85a70284-e26b-4278-b827-51b811c39f5a,XXX,CBX
